order_id,order_date,amount,product_id
ORD100000,2023-01-07,123.17,3
ORD100001,2024-11-29,58.75,16
ORD100002,2023-11-13,18.07,5
ORD100003,2023-07-28,106.95,37
ORD100004,2023-03-20,72.22,4
ORD100005,2023-08-05,143.27,31
ORD100006,2024-10-11,100.05,34
ORD100007,2024-03-02,35.05,33
ORD100008,2023-03-18,203.87,22
ORD100009,2023-03-01,41.95,5
ORD100010,2023-02-23,111.28,26
ORD100011,2024-04-12,141.12,26
ORD100012,2024-05-07,45.98,23
ORD100013,2024-02-08,124.91,7
ORD100014,2023-04-05,199.71,5
ORD100015,2023-10-16,80.8,44
ORD100016,2024-05-15,86.46,32
ORD100017,2024-02-17,87.72,39
ORD100018,2023-09-18,10.07,18
ORD100019,2023-12-17,199.95,11
ORD100020,2024-09-17,101.32,1
ORD100021,2024-06-28,57.47,34
ORD100022,2023-03-29,48.89,35
ORD100023,2024-06-16,48.01,34
ORD100024,2024-06-08,12.42,43
ORD100025,2024-02-19,54.44,28
ORD100026,2024-12-08,60.16,44
ORD100027,2024-07-28,19.4,33
ORD100028,2023-10-20,109.22,9
ORD100029,2024-01-05,24.38,32
ORD100030,2024-08-14,123.57,49
ORD100031,2024-09-30,133.42,29
ORD100032,2023-04-23,32.42,41
ORD100033,2024-05-16,53.77,45
ORD100034,2024-01-10,68.15,36
ORD100035,2024-08-31,14.19,7
ORD100036,2024-11-21,57.87,45
ORD100037,2024-12-26,26.38,35
ORD100038,2023-08-14,234.03,38
ORD100039,2024-02-19,89.04,9
ORD100040,2023-10-23,24.74,44
ORD100041,2024-02-14,86.77,47
ORD100042,2024-08-16,65.25,39
ORD100043,2023-04-29,42.57,25
ORD100044,2024-05-17,63.48,33
ORD100045,2023-06-07,13.47,7
ORD100046,2024-06-02,30.05,50
ORD100047,2023-08-05,144.28,26
ORD100048,2023-02-08,213.35,27
ORD100049,2023-06-26,59.74,9
ORD100050,2023-07-26,47.66,40
ORD100051,2023-03-13,40.39,16
ORD100052,2023-10-29,41.71,34
ORD100053,2023-02-07,241.25,36
ORD100054,2023-07-19,20.3,6
ORD100055,2023-08-22,206.16,50
ORD100056,2023-10-02,36.03,48
ORD100057,2023-11-02,20.88,3
ORD100058,2024-03-13,21.68,3
ORD100059,2023-04-29,70.05,11
ORD100060,2024-10-09,42.68,25
ORD100061,2024-11-06,185.58,32
ORD100062,2023-05-17,55.87,37
ORD100063,2023-06-01,40.4,2
ORD100064,2024-05-07,34.92,50
ORD100065,2024-11-07,56.9,40
ORD100066,2023-11-23,21.23,18
ORD100067,2024-10-17,37.98,7
ORD100068,2024-08-27,35.91,38
ORD100069,2024-05-14,22.98,26
ORD100070,2023-05-04,98.07,14
ORD100071,2024-08-16,21.3,18
ORD100072,2023-05-27,54.48,36
ORD100073,2024-10-13,14.03,3
ORD100074,2024-02-29,217.36,5
ORD100075,2024-03-29,16.49,23
ORD100076,2023-05-12,88.16,44
ORD100077,2024-11-13,23.87,45
ORD100078,2024-10-15,20.87,10
ORD100079,2024-09-08,198.11,27
ORD100080,2023-09-22,83.42,29
ORD100081,2023-08-29,28.01,29
ORD100082,2024-10-22,60.77,19
ORD100083,2024-06-02,23.18,12
ORD100084,2023-08-28,77.55,2
ORD100085,2023-11-13,85.88,25
ORD100086,2023-01-03,54.08,26
ORD100087,2023-06-04,113.39,45
ORD100088,2023-06-16,106.83,33
ORD100089,2024-10-18,22.74,27
ORD100090,2024-09-08,17.98,44
ORD100091,2023-07-26,63.97,3
ORD100092,2024-07-18,114.05,19
ORD100093,2023-06-27,77.23,32
ORD100094,2024-03-03,243.1,25
ORD100095,2023-09-18,46.95,30
ORD100096,2024-08-01,32.28,14
ORD100097,2024-01-15,141.09,34
ORD100098,2024-03-13,150.4,1
ORD100099,2023-02-28,51.77,46
ORD100100,2023-05-24,14.86,44
ORD100101,2023-05-05,79.08,42
ORD100102,2023-08-22,19.06,11
ORD100103,2024-06-17,42.28,15
ORD100104,2023-05-08,50.9,42
ORD100105,2023-07-13,66.62,23
ORD100106,2023-07-14,268.32,22
ORD100107,2023-11-30,29.59,21
ORD100108,2023-01-07,27.88,24
ORD100109,2024-08-25,68.78,6
ORD100110,2023-03-18,21.54,17
ORD100111,2024-03-18,241.21,18
ORD100112,2023-02-25,39.29,34
ORD100113,2024-07-02,16.54,44
ORD100114,2023-11-27,35.26,40
ORD100115,2023-12-30,38.65,13
ORD100116,2024-02-07,14.93,43
ORD100117,2023-04-23,184.18,48
ORD100118,2023-10-01,30.65,38
ORD100119,2023-08-11,73.62,25
ORD100120,2024-01-05,41.43,45
ORD100121,2024-10-20,57.21,12
ORD100122,2023-10-22,24.47,50
ORD100123,2023-10-02,162.16,28
ORD100124,2023-09-09,120.36,35
ORD100125,2024-03-08,36.03,14
ORD100126,2023-08-15,27.43,47
ORD100127,2024-08-10,39.16,41
ORD100128,2023-07-15,32.19,34
ORD100129,2023-04-07,17.38,7
ORD100130,2023-09-16,62.19,30
ORD100131,2024-05-16,34.11,24
ORD100132,2023-07-23,120.93,34
ORD100133,2023-09-19,224.74,4
ORD100134,2024-04-26,20.63,38
ORD100135,2024-09-24,67.67,25
ORD100136,2024-03-30,108.93,1
ORD100137,2024-07-02,92.61,19
ORD100138,2024-02-08,62.65,47
ORD100139,2024-02-23,16.06,38
ORD100140,2023-07-21,31.88,22
ORD100141,2023-06-03,33.71,15
ORD100142,2024-03-17,26.9,11
ORD100143,2023-12-18,164.24,39
ORD100144,2024-04-15,116.73,31
ORD100145,2024-05-26,23.87,39
ORD100146,2024-11-15,115.22,37
ORD100147,2023-01-25,30.07,26
ORD100148,2024-12-25,89.03,33
ORD100149,2023-02-06,38.89,16
ORD100150,2024-07-04,20.83,30
ORD100151,2023-11-18,188.46,29
ORD100152,2024-06-16,140.55,5
ORD100153,2024-02-12,13.1,7
ORD100154,2023-11-04,11.19,31
ORD100155,2023-06-10,97.47,26
ORD100156,2023-02-16,86.32,42
ORD100157,2024-05-01,20.62,44
ORD100158,2024-02-19,169.29,22
ORD100159,2024-05-07,28.25,11
ORD100160,2023-09-26,23.21,13
ORD100161,2024-10-02,46.51,14
ORD100162,2023-02-12,26.02,30
ORD100163,2024-05-13,75.55,6
ORD100164,2023-09-01,19.73,20
ORD100165,2023-12-21,145.95,13
ORD100166,2024-10-18,59.25,6
ORD100167,2024-09-14,32.15,11
ORD100168,2023-01-25,51.56,44
ORD100169,2024-11-06,19.32,41
ORD100170,2023-10-27,96.76,14
ORD100171,2024-05-20,289.4,38
ORD100172,2023-12-02,114.86,24
ORD100173,2023-10-17,103.51,10
ORD100174,2023-09-13,39.44,23
ORD100175,2024-09-15,140.89,1
ORD100176,2024-06-14,126.64,30
ORD100177,2023-04-12,77.9,6
ORD100178,2024-02-27,44.8,9
ORD100179,2024-09-20,41.26,23
ORD100180,2024-05-03,11.63,28
ORD100181,2023-07-01,232.35,25
ORD100182,2023-07-01,137.6,11
ORD100183,2024-07-30,13.55,35
ORD100184,2023-05-31,20.59,41
ORD100185,2023-02-20,142.61,42
ORD100186,2023-11-23,32.74,6
ORD100187,2024-09-20,84.99,16
ORD100188,2024-01-12,29.16,40
ORD100189,2023-03-27,91.63,29
ORD100190,2024-03-17,150.17,45
ORD100191,2023-07-02,70.24,3
ORD100192,2023-08-24,67.43,47
ORD100193,2024-05-22,50.09,38
ORD100194,2024-10-25,14.89,47
ORD100195,2024-12-01,11.75,4
ORD100196,2024-09-12,115.97,46
ORD100197,2024-03-17,190.44,37
ORD100198,2024-06-15,16.17,31
ORD100199,2024-12-02,55.87,14
ORD100200,2023-09-08,214.55,28
ORD100201,2023-10-14,57.39,25
ORD100202,2024-08-24,145.86,27
ORD100203,2024-09-18,29.82,34
ORD100204,2023-08-20,86.05,21
ORD100205,2023-11-12,76.68,42
ORD100206,2023-12-03,120.05,47
ORD100207,2024-12-08,29.23,34
ORD100208,2023-03-17,259.84,30
ORD100209,2024-02-12,11.55,32
ORD100210,2024-04-08,41.59,4
ORD100211,2024-10-15,56.71,24
ORD100212,2024-04-07,76.69,36
ORD100213,2024-12-18,69.25,15
ORD100214,2023-10-20,192.12,23
ORD100215,2023-01-12,35.61,15
ORD100216,2024-03-01,19.31,27
ORD100217,2023-03-03,166.32,11
ORD100218,2023-05-21,298.31,49
ORD100219,2024-04-28,175.8,22
ORD100220,2023-06-24,116.87,10
ORD100221,2024-07-28,40.44,42
ORD100222,2024-07-21,23.82,50
ORD100223,2024-02-21,97.81,42
ORD100224,2024-02-23,33.02,22
ORD100225,2023-05-23,92.21,50
ORD100226,2023-07-26,31.81,46
ORD100227,2024-06-22,14.17,38
ORD100228,2023-02-01,35.21,9
ORD100229,2023-02-12,43.09,4
ORD100230,2024-07-16,71.03,43
ORD100231,2023-10-05,16.52,40
ORD100232,2023-10-14,16.26,12
ORD100233,2023-10-03,36.01,36
ORD100234,2023-03-25,29.79,37
ORD100235,2024-01-24,33.26,26
ORD100236,2023-10-09,122.04,37
ORD100237,2023-06-26,80.26,14
ORD100238,2023-02-10,81.59,19
ORD100239,2023-04-04,120.1,26
ORD100240,2024-01-14,76.36,37
ORD100241,2023-06-10,95.97,8
ORD100242,2023-01-14,219.89,38
ORD100243,2024-05-01,76.32,42
ORD100244,2023-12-30,21.53,49
ORD100245,2023-07-07,40.09,35
ORD100246,2023-07-29,27.29,50
ORD100247,2023-03-14,58.68,6
ORD100248,2024-02-15,100.47,31
ORD100249,2024-05-12,196.07,35
ORD100250,2024-10-20,132.51,25
ORD100251,2024-10-06,222.62,22
ORD100252,2023-10-29,48.51,1
ORD100253,2024-02-06,61.3,46
ORD100254,2024-01-06,48.11,15
ORD100255,2024-03-18,99.85,25
ORD100256,2023-03-13,146.28,33
ORD100257,2023-02-16,232.72,48
ORD100258,2024-06-28,224.07,32
ORD100259,2024-08-06,46.94,13
ORD100260,2023-02-24,37.37,49
ORD100261,2024-03-11,13.55,32
ORD100262,2023-11-23,55.69,40
ORD100263,2023-12-10,32.73,16
ORD100264,2024-08-27,24.1,35
ORD100265,2023-08-05,88.66,39
ORD100266,2024-02-20,240.64,43
ORD100267,2023-09-15,66.13,21
ORD100268,2023-05-29,166.36,6
ORD100269,2023-06-24,97.66,23
ORD100270,2024-01-13,15.28,24
ORD100271,2023-04-26,14.02,19
ORD100272,2023-07-29,14.25,21
ORD100273,2024-01-06,61.81,5
ORD100274,2023-05-27,23.55,10
ORD100275,2023-05-10,47.44,16
ORD100276,2024-08-27,207.41,13
ORD100277,2024-01-21,12.2,37
ORD100278,2023-03-01,70.37,13
ORD100279,2023-06-24,98.78,40
ORD100280,2024-07-04,149.66,29
ORD100281,2023-12-29,199.04,31
ORD100282,2024-07-22,42.69,36
ORD100283,2023-06-02,53.7,2
ORD100284,2024-05-17,61.0,34
ORD100285,2023-09-09,49.36,2
ORD100286,2024-06-26,14.22,44
ORD100287,2024-11-08,71.7,2
ORD100288,2024-08-06,110.3,8
ORD100289,2024-03-03,332.14,10
ORD100290,2024-09-21,13.72,7
ORD100291,2023-07-11,18.71,42
ORD100292,2024-12-22,102.94,32
ORD100293,2024-09-02,53.33,39
ORD100294,2023-05-30,208.47,26
ORD100295,2024-12-05,96.06,13
ORD100296,2023-08-09,43.83,50
ORD100297,2023-12-26,31.24,42
ORD100298,2024-04-12,47.87,27
ORD100299,2023-12-21,114.56,31
ORD100300,2023-08-25,260.86,23
ORD100301,2023-12-22,18.89,30
ORD100302,2024-04-13,94.83,23
ORD100303,2023-04-16,62.38,3
ORD100304,2023-06-13,174.97,12
ORD100305,2023-04-08,49.87,25
ORD100306,2023-11-03,47.27,50
ORD100307,2024-04-06,173.21,37
ORD100308,2023-12-04,91.53,30
ORD100309,2024-01-03,104.36,47
ORD100310,2023-11-09,99.99,6
ORD100311,2024-08-22,15.32,5
ORD100312,2024-12-09,19.27,46
ORD100313,2024-02-04,17.74,50
ORD100314,2023-05-11,41.76,12
ORD100315,2023-01-06,163.33,16
ORD100316,2023-06-27,19.5,46
ORD100317,2024-03-11,42.74,8
ORD100318,2023-01-20,27.19,17
ORD100319,2024-07-16,53.25,5
ORD100320,2024-01-29,45.73,1
ORD100321,2024-07-15,98.95,47
ORD100322,2024-06-18,229.75,41
ORD100323,2023-08-30,31.75,42
ORD100324,2024-10-02,50.55,39
ORD100325,2024-07-17,21.8,22
ORD100326,2023-09-25,73.73,1
ORD100327,2024-08-04,98.02,9
ORD100328,2023-06-07,54.97,6
ORD100329,2024-02-01,145.04,23
ORD100330,2023-02-19,119.58,26
ORD100331,2023-08-14,126.26,45
ORD100332,2024-03-22,111.52,3
ORD100333,2023-10-02,281.6,49
ORD100334,2024-01-17,30.11,2
ORD100335,2024-02-19,71.37,46
ORD100336,2024-01-22,51.21,28
ORD100337,2023-03-20,22.75,22
ORD100338,2023-03-08,51.57,48
ORD100339,2023-03-16,158.54,29
ORD100340,2024-07-21,19.48,23
ORD100341,2023-05-10,58.4,27
ORD100342,2024-10-01,45.92,12
ORD100343,2023-11-08,49.86,25
ORD100344,2024-08-26,146.07,12
ORD100345,2023-01-28,95.54,47
ORD100346,2023-11-23,62.43,6
ORD100347,2024-04-17,15.75,43
ORD100348,2023-02-08,146.34,2
ORD100349,2024-11-18,33.55,30
ORD100350,2024-08-29,53.32,41
ORD100351,2024-12-12,25.52,2
ORD100352,2023-06-22,356.5,50
ORD100353,2024-08-23,26.5,38
ORD100354,2023-06-25,64.21,23
ORD100355,2023-01-27,86.55,33
ORD100356,2023-03-17,21.52,45
ORD100357,2024-02-18,62.91,49
ORD100358,2023-05-31,41.25,24
ORD100359,2024-03-06,32.62,15
ORD100360,2023-08-31,69.08,43
ORD100361,2023-12-14,296.87,50
ORD100362,2023-10-24,46.63,9
ORD100363,2024-07-13,41.02,49
ORD100364,2024-10-07,17.24,3
ORD100365,2024-12-01,13.5,44
ORD100366,2024-08-29,16.3,13
ORD100367,2023-01-02,56.78,45
ORD100368,2024-04-05,104.26,26
ORD100369,2023-02-02,117.17,24
ORD100370,2023-10-25,14.49,8
ORD100371,2023-08-31,262.98,5
ORD100372,2024-02-15,22.19,22
ORD100373,2023-06-02,17.36,47
ORD100374,2024-01-26,29.68,43
ORD100375,2024-04-09,21.15,14
ORD100376,2023-11-16,15.29,11
ORD100377,2023-10-13,138.42,44
ORD100378,2024-04-27,83.06,40
ORD100379,2024-12-05,150.68,32
ORD100380,2023-03-26,94.69,20
ORD100381,2023-05-30,62.2,8
ORD100382,2023-07-03,61.87,19
ORD100383,2023-07-12,17.97,2
ORD100384,2023-09-01,22.75,41
ORD100385,2024-03-21,280.51,39
ORD100386,2023-07-18,53.83,39
ORD100387,2024-08-09,18.29,38
ORD100388,2023-01-06,77.0,11
ORD100389,2023-05-12,121.75,38
ORD100390,2023-10-07,222.41,17
ORD100391,2023-09-01,96.98,36
ORD100392,2024-02-29,183.02,32
ORD100393,2023-07-04,15.54,25
ORD100394,2023-10-29,31.32,7
ORD100395,2023-01-22,195.23,50
ORD100396,2024-09-21,36.2,11
ORD100397,2024-06-29,238.66,20
ORD100398,2023-05-09,11.02,7
ORD100399,2024-12-19,403.06,11
ORD100400,2023-04-02,23.0,43
ORD100401,2024-09-28,58.5,27
ORD100402,2024-05-14,189.76,45
ORD100403,2024-09-05,160.8,14
ORD100404,2023-01-01,36.54,16
ORD100405,2023-09-21,18.33,26
ORD100406,2023-09-05,110.64,7
ORD100407,2024-10-08,80.4,7
ORD100408,2023-06-06,219.56,42
ORD100409,2024-02-03,80.89,2
ORD100410,2024-12-22,77.4,8
ORD100411,2024-10-10,13.96,5
ORD100412,2024-07-14,44.95,16
ORD100413,2024-10-05,230.98,40
ORD100414,2024-10-09,18.0,12
ORD100415,2024-03-30,198.86,23
ORD100416,2024-12-20,33.11,34
ORD100417,2024-07-04,109.41,28
ORD100418,2023-12-01,30.18,21
ORD100419,2024-07-25,22.47,16
ORD100420,2024-02-13,77.79,27
ORD100421,2023-12-26,106.84,8
ORD100422,2023-11-27,78.57,32
ORD100423,2024-03-10,43.78,29
ORD100424,2023-07-03,44.45,37
ORD100425,2023-11-30,16.74,22
ORD100426,2024-06-25,10.47,29
ORD100427,2024-10-25,74.02,48
ORD100428,2024-01-04,27.85,7
ORD100429,2024-08-17,166.9,40
ORD100430,2023-03-31,11.71,14
ORD100431,2024-09-27,38.24,43
ORD100432,2023-05-02,14.76,28
ORD100433,2023-12-01,28.93,44
ORD100434,2024-01-24,84.88,25
ORD100435,2023-03-17,173.32,40
ORD100436,2023-10-11,123.36,32
ORD100437,2024-09-14,89.13,4
ORD100438,2023-05-21,55.91,45
ORD100439,2023-04-05,70.69,49
ORD100440,2024-05-07,48.45,25
ORD100441,2024-02-18,45.93,7
ORD100442,2024-11-06,49.07,39
ORD100443,2024-05-21,165.29,3
ORD100444,2023-09-18,44.38,47
ORD100445,2023-03-23,170.95,46
ORD100446,2024-12-13,177.77,45
ORD100447,2024-10-16,161.6,10
ORD100448,2024-01-19,44.75,16
ORD100449,2024-02-21,53.88,25
ORD100450,2024-10-06,49.89,18
ORD100451,2023-06-12,31.78,47
ORD100452,2024-02-26,57.72,8
ORD100453,2024-10-13,24.63,25
ORD100454,2023-06-19,42.41,14
ORD100455,2024-05-04,247.45,19
ORD100456,2024-11-21,116.13,38
ORD100457,2024-04-01,26.63,33
ORD100458,2023-06-22,15.01,14
ORD100459,2024-04-30,168.55,15
ORD100460,2024-02-17,24.96,31
ORD100461,2024-10-03,60.13,44
ORD100462,2023-09-18,62.23,17
ORD100463,2024-04-08,22.62,33
ORD100464,2024-05-26,13.17,5
ORD100465,2024-11-12,80.21,48
ORD100466,2023-01-30,64.29,45
ORD100467,2023-06-30,60.14,6
ORD100468,2023-10-11,126.9,5
ORD100469,2024-03-13,129.0,8
ORD100470,2023-03-16,38.91,41
ORD100471,2024-06-01,36.87,25
ORD100472,2024-04-23,43.97,35
ORD100473,2023-03-10,151.0,4
ORD100474,2024-05-27,32.15,16
ORD100475,2023-07-04,76.9,32
ORD100476,2023-10-03,24.01,8
ORD100477,2024-11-04,119.02,14
ORD100478,2023-05-02,16.79,22
ORD100479,2024-08-25,89.2,22
ORD100480,2023-09-24,106.55,32
ORD100481,2023-08-04,107.77,1
ORD100482,2024-05-18,72.87,16
ORD100483,2024-03-18,11.95,5
ORD100484,2023-06-05,247.73,46
ORD100485,2023-09-26,39.26,32
ORD100486,2023-06-02,18.5,21
ORD100487,2024-08-05,58.6,47
ORD100488,2024-11-03,17.23,32
ORD100489,2023-12-16,44.19,35
ORD100490,2023-11-28,21.27,15
ORD100491,2024-08-16,77.92,31
ORD100492,2023-07-13,71.86,4
ORD100493,2023-07-10,87.78,9
ORD100494,2024-10-25,109.1,50
ORD100495,2023-07-19,155.94,36
ORD100496,2023-05-12,249.39,16
ORD100497,2023-04-17,52.82,24
ORD100498,2024-10-09,194.25,46
ORD100499,2024-05-22,82.98,5
ORD100500,2024-09-06,217.95,17
ORD100501,2024-07-08,74.23,13
ORD100502,2024-10-16,32.68,35
ORD100503,2024-01-16,141.48,36
ORD100504,2024-04-17,39.97,39
ORD100505,2024-11-23,39.86,28
ORD100506,2023-08-08,63.47,37
ORD100507,2023-08-04,263.82,2
ORD100508,2024-09-14,34.15,28
ORD100509,2024-12-16,113.23,15
ORD100510,2024-02-08,103.74,40
ORD100511,2023-08-14,27.72,10
ORD100512,2023-06-09,38.39,7
ORD100513,2023-09-30,78.14,36
ORD100514,2024-05-11,124.86,43
ORD100515,2024-09-10,25.09,15
ORD100516,2024-03-29,18.38,43
ORD100517,2023-04-28,160.1,35
ORD100518,2023-02-05,15.42,8
ORD100519,2023-05-18,262.98,35
ORD100520,2023-06-25,201.12,17
ORD100521,2024-02-10,157.16,21
ORD100522,2023-07-08,34.75,32
ORD100523,2024-07-23,93.35,43
ORD100524,2023-04-21,18.83,9
ORD100525,2024-08-13,48.5,21
ORD100526,2024-02-04,236.77,12
ORD100527,2024-09-08,151.94,22
ORD100528,2023-04-28,86.81,37
ORD100529,2024-02-15,31.98,22
ORD100530,2024-04-13,134.96,36
ORD100531,2024-05-28,62.08,48
ORD100532,2024-05-17,160.73,46
ORD100533,2024-12-09,162.28,3
ORD100534,2023-09-15,61.54,46
ORD100535,2024-03-15,122.21,20
ORD100536,2024-08-07,152.82,34
ORD100537,2024-11-19,51.82,27
ORD100538,2023-04-02,42.02,22
ORD100539,2023-08-24,33.16,26
ORD100540,2024-11-01,41.06,4
ORD100541,2023-01-06,15.27,35
ORD100542,2023-03-12,158.22,43
ORD100543,2023-04-28,26.97,31
ORD100544,2024-12-13,109.36,28
ORD100545,2023-08-22,83.92,7
ORD100546,2023-04-02,112.1,41
ORD100547,2024-01-16,48.18,3
ORD100548,2023-12-04,29.65,21
ORD100549,2024-11-02,344.61,45
ORD100550,2024-07-28,171.06,32
ORD100551,2023-02-07,35.46,28
ORD100552,2023-04-16,150.32,16
ORD100553,2023-11-18,41.28,5
ORD100554,2023-01-09,94.98,22
ORD100555,2024-06-13,129.31,33
ORD100556,2024-05-02,142.81,29
ORD100557,2024-10-29,63.7,21
ORD100558,2023-05-10,28.19,41
ORD100559,2023-06-07,95.24,41
ORD100560,2024-03-07,10.92,31
ORD100561,2024-11-09,110.71,46
ORD100562,2023-03-17,36.45,32
ORD100563,2024-03-11,42.5,21
ORD100564,2023-02-11,170.25,30
ORD100565,2023-09-04,146.82,38
ORD100566,2023-04-23,135.32,43
ORD100567,2024-02-19,11.83,9
ORD100568,2024-05-13,54.03,29
ORD100569,2024-07-05,22.15,2
ORD100570,2023-07-02,99.32,8
ORD100571,2024-04-08,425.12,44
ORD100572,2023-08-14,206.08,37
ORD100573,2024-05-01,30.55,6
ORD100574,2024-04-21,40.85,12
ORD100575,2024-05-10,144.62,9
ORD100576,2024-08-16,23.37,50
ORD100577,2024-08-01,111.48,16
ORD100578,2023-12-05,143.49,21
ORD100579,2024-07-16,37.25,39
ORD100580,2024-10-02,31.93,50
ORD100581,2024-08-16,76.12,26
ORD100582,2023-10-26,299.9,31
ORD100583,2024-10-16,69.2,11
ORD100584,2023-08-01,78.65,2
ORD100585,2023-05-30,10.73,33
ORD100586,2023-03-19,40.79,15
ORD100587,2024-04-20,27.1,17
ORD100588,2024-08-05,40.4,42
ORD100589,2024-11-17,50.0,39
ORD100590,2023-02-13,44.44,44
ORD100591,2024-03-12,28.49,26
ORD100592,2024-12-30,86.46,40
ORD100593,2023-08-31,12.56,28
ORD100594,2023-06-17,22.48,49
ORD100595,2024-01-26,32.87,4
ORD100596,2024-01-28,123.11,34
ORD100597,2024-04-21,49.71,19
ORD100598,2023-05-18,210.42,45
ORD100599,2024-05-21,18.65,26
ORD100600,2023-05-13,151.54,3
ORD100601,2024-09-11,120.04,11
ORD100602,2024-07-19,155.86,18
ORD100603,2024-10-31,10.62,14
ORD100604,2023-02-08,42.99,47
ORD100605,2024-10-04,33.03,10
ORD100606,2023-10-25,12.87,9
ORD100607,2023-02-20,51.49,36
ORD100608,2024-03-22,120.4,23
ORD100609,2024-02-23,16.71,17
ORD100610,2023-07-18,266.14,1
ORD100611,2024-03-25,40.81,8
ORD100612,2023-05-17,75.32,31
ORD100613,2023-05-22,48.6,7
ORD100614,2024-03-03,109.8,40
ORD100615,2023-12-30,41.82,45
ORD100616,2024-01-14,129.34,27
ORD100617,2024-04-28,122.88,4
ORD100618,2024-07-21,19.76,49
ORD100619,2024-08-26,27.17,33
ORD100620,2024-09-18,43.95,46
ORD100621,2024-07-08,27.05,18
ORD100622,2024-02-22,78.3,9
ORD100623,2024-07-23,80.09,6
ORD100624,2023-03-10,151.94,49
ORD100625,2024-05-29,113.45,9
ORD100626,2023-04-09,72.29,34
ORD100627,2024-02-01,102.06,9
ORD100628,2024-06-22,18.48,36
ORD100629,2024-07-19,80.11,29
ORD100630,2023-02-16,28.42,49
ORD100631,2023-02-12,14.21,5
ORD100632,2023-07-03,101.62,5
ORD100633,2024-07-13,45.86,33
ORD100634,2024-02-07,179.93,1
ORD100635,2023-02-17,148.1,6
ORD100636,2023-10-28,65.55,29
ORD100637,2024-12-03,65.85,16
ORD100638,2024-11-27,35.15,20
ORD100639,2024-04-11,17.99,39
ORD100640,2024-08-11,173.61,19
ORD100641,2023-09-15,52.59,1
ORD100642,2023-05-19,164.31,10
ORD100643,2023-08-10,44.34,19
ORD100644,2024-04-05,287.32,27
ORD100645,2024-06-25,488.05,38
ORD100646,2023-09-10,26.42,46
ORD100647,2023-05-01,41.98,2
ORD100648,2023-07-21,63.13,14
ORD100649,2023-06-05,102.54,35
ORD100650,2024-07-08,76.7,49
ORD100651,2023-10-12,57.16,50
ORD100652,2023-09-09,13.08,25
ORD100653,2024-08-17,18.47,12
ORD100654,2024-01-03,136.31,42
ORD100655,2023-01-22,21.79,26
ORD100656,2023-12-23,105.6,44
ORD100657,2023-12-04,19.18,9
ORD100658,2024-11-23,57.53,7
ORD100659,2023-03-26,32.32,46
ORD100660,2023-01-11,187.52,21
ORD100661,2024-02-29,16.63,11
ORD100662,2023-07-28,70.56,38
ORD100663,2023-09-08,62.32,15
ORD100664,2023-01-30,22.52,14
ORD100665,2023-04-12,19.84,24
ORD100666,2024-04-29,20.37,42
ORD100667,2023-08-10,19.67,34
ORD100668,2024-06-26,53.6,19
ORD100669,2024-01-26,31.54,13
ORD100670,2023-03-07,20.02,35
ORD100671,2024-12-17,22.41,49
ORD100672,2023-04-10,73.43,6
ORD100673,2023-12-23,79.39,39
ORD100674,2024-11-04,67.95,41
ORD100675,2024-09-21,273.7,9
ORD100676,2023-02-26,29.94,14
ORD100677,2024-08-14,32.86,13
ORD100678,2024-03-07,72.9,48
ORD100679,2023-12-26,55.25,10
ORD100680,2024-03-16,22.34,36
ORD100681,2023-10-28,36.33,39
ORD100682,2024-01-02,19.8,27
ORD100683,2024-01-20,116.13,16
ORD100684,2024-09-07,81.93,34
ORD100685,2023-09-02,25.28,38
ORD100686,2024-04-28,137.83,13
ORD100687,2024-01-09,20.09,45
ORD100688,2023-09-11,39.41,26
ORD100689,2024-06-12,59.78,6
ORD100690,2024-10-28,31.25,25
ORD100691,2023-07-31,68.69,19
ORD100692,2024-11-24,86.64,24
ORD100693,2023-09-11,160.14,19
ORD100694,2023-09-28,133.8,37
ORD100695,2024-04-22,44.75,30
ORD100696,2024-12-01,18.31,46
ORD100697,2024-09-28,209.93,37
ORD100698,2023-04-25,138.39,33
ORD100699,2023-06-10,52.67,34
ORD100700,2024-04-13,90.71,3
ORD100701,2024-11-18,37.84,26
ORD100702,2024-09-01,140.64,29
ORD100703,2023-04-12,64.18,41
ORD100704,2024-07-09,138.18,20
ORD100705,2023-02-08,34.69,31
ORD100706,2023-04-11,107.47,13
ORD100707,2024-01-05,54.28,24
ORD100708,2024-03-28,106.28,17
ORD100709,2024-01-18,12.36,1
ORD100710,2023-01-16,22.99,3
ORD100711,2024-07-11,11.44,8
ORD100712,2023-10-10,153.64,7
ORD100713,2024-02-01,117.5,27
ORD100714,2023-02-23,64.42,35
ORD100715,2023-03-04,51.19,2
ORD100716,2024-05-05,25.35,20
ORD100717,2024-02-19,45.37,16
ORD100718,2023-11-30,156.08,35
ORD100719,2023-01-29,97.67,43
ORD100720,2024-09-09,83.38,33
ORD100721,2023-07-08,132.04,9
ORD100722,2024-02-01,99.81,26
ORD100723,2023-01-19,25.38,7
ORD100724,2024-03-05,16.98,29
ORD100725,2023-02-15,33.63,31
ORD100726,2024-07-07,51.77,20
ORD100727,2023-05-29,108.65,38
ORD100728,2024-06-14,16.16,39
ORD100729,2024-05-02,11.21,29
ORD100730,2024-08-14,151.59,20
ORD100731,2023-04-19,53.39,23
ORD100732,2023-02-22,36.71,29
ORD100733,2024-11-05,66.86,3
ORD100734,2023-02-04,123.75,47
ORD100735,2023-09-18,66.75,31
ORD100736,2023-06-18,143.03,21
ORD100737,2024-01-09,108.27,44
ORD100738,2023-11-29,47.05,22
ORD100739,2023-05-24,23.08,20
ORD100740,2024-06-20,61.26,1
ORD100741,2024-02-17,66.18,38
ORD100742,2023-07-20,34.21,39
ORD100743,2023-07-23,151.71,39
ORD100744,2024-08-19,44.71,11
ORD100745,2024-06-03,17.76,41
ORD100746,2023-10-27,22.4,32
ORD100747,2023-12-12,64.47,45
ORD100748,2023-05-21,40.19,21
ORD100749,2024-02-24,28.35,5
ORD100750,2023-08-20,40.15,4
ORD100751,2023-12-31,23.98,45
ORD100752,2023-03-20,45.74,47
ORD100753,2024-01-06,104.24,17
ORD100754,2023-02-09,53.8,47
ORD100755,2023-08-14,26.58,32
ORD100756,2023-07-18,32.47,35
ORD100757,2024-11-16,259.83,45
ORD100758,2023-03-04,169.06,42
ORD100759,2024-04-03,81.74,23
ORD100760,2024-09-07,14.66,23
ORD100761,2024-07-04,28.87,4
ORD100762,2024-04-29,95.26,8
ORD100763,2024-10-11,95.98,23
ORD100764,2023-05-09,13.57,24
ORD100765,2024-12-27,37.11,38
ORD100766,2024-04-15,159.4,25
ORD100767,2024-07-22,75.93,45
ORD100768,2023-06-05,236.07,23
ORD100769,2023-09-16,44.81,3
ORD100770,2024-04-09,76.48,26
ORD100771,2024-02-06,37.8,5
ORD100772,2024-11-04,86.16,22
ORD100773,2024-11-17,86.54,41
ORD100774,2023-07-15,26.32,1
ORD100775,2023-07-12,10.27,13
ORD100776,2024-10-28,30.75,8
ORD100777,2024-08-13,105.45,50
ORD100778,2024-12-04,100.14,31
ORD100779,2024-09-20,169.55,18
ORD100780,2024-05-25,22.06,2
ORD100781,2024-08-10,65.92,10
ORD100782,2024-01-06,204.21,43
ORD100783,2024-12-28,48.84,34
ORD100784,2024-12-08,127.37,5
ORD100785,2023-03-04,111.41,15
ORD100786,2024-06-15,109.05,12
ORD100787,2024-07-25,16.3,47
ORD100788,2023-06-04,20.18,28
ORD100789,2023-03-22,70.26,26
ORD100790,2024-09-25,153.56,17
ORD100791,2024-10-31,26.06,47
ORD100792,2023-02-26,83.78,12
ORD100793,2023-08-30,160.53,49
ORD100794,2023-10-03,33.96,6
ORD100795,2024-11-29,148.73,18
ORD100796,2023-12-06,113.5,36
ORD100797,2024-05-19,60.29,31
ORD100798,2024-03-06,41.37,38
ORD100799,2023-11-17,154.55,17
ORD100800,2023-08-31,151.22,26
ORD100801,2024-03-19,23.99,20
ORD100802,2024-02-19,141.48,25
ORD100803,2024-11-09,81.51,17
ORD100804,2023-08-31,148.07,4
ORD100805,2024-02-23,92.23,45
ORD100806,2023-11-23,14.52,39
ORD100807,2024-12-10,69.89,7
ORD100808,2023-10-20,54.39,17
ORD100809,2023-07-26,117.52,7
ORD100810,2023-09-23,37.3,31
ORD100811,2024-05-03,70.08,15
ORD100812,2023-11-12,54.56,48
ORD100813,2023-09-28,231.22,11
ORD100814,2023-05-15,277.7,48
ORD100815,2024-03-25,12.58,12
ORD100816,2023-06-07,219.02,29
ORD100817,2023-07-07,31.28,32
ORD100818,2024-01-28,20.16,26
ORD100819,2023-10-09,24.74,41
ORD100820,2024-09-20,94.41,47
ORD100821,2024-08-09,65.21,29
ORD100822,2024-07-11,192.4,1
ORD100823,2023-06-20,168.57,48
ORD100824,2023-11-02,14.24,16
ORD100825,2023-03-17,19.91,28
ORD100826,2023-01-10,35.28,41
ORD100827,2024-10-14,114.5,36
ORD100828,2024-03-09,188.82,3
ORD100829,2023-07-05,205.35,40
ORD100830,2024-04-13,75.72,41
ORD100831,2023-11-08,41.49,25
ORD100832,2024-12-11,124.49,8
ORD100833,2023-11-27,19.37,48
ORD100834,2024-09-22,24.58,26
ORD100835,2024-08-02,35.96,16
ORD100836,2023-07-18,27.07,12
ORD100837,2024-04-14,99.02,48
ORD100838,2023-06-25,45.79,1
ORD100839,2024-04-27,97.28,7
ORD100840,2023-11-04,41.97,40
ORD100841,2024-09-30,28.02,20
ORD100842,2023-05-23,210.45,38
ORD100843,2023-07-03,24.57,3
ORD100844,2024-02-15,102.36,36
ORD100845,2023-10-11,52.45,32
ORD100846,2024-11-08,77.03,23
ORD100847,2023-04-19,21.92,25
ORD100848,2023-07-08,115.3,8
ORD100849,2024-12-07,83.34,24
ORD100850,2023-06-10,78.92,10
ORD100851,2023-06-28,25.72,46
ORD100852,2024-11-19,45.25,43
ORD100853,2024-12-21,45.16,49
ORD100854,2024-05-19,23.13,39
ORD100855,2023-04-02,11.49,48
ORD100856,2024-06-24,27.42,11
ORD100857,2023-10-02,10.51,25
ORD100858,2023-12-25,15.94,9
ORD100859,2023-07-24,23.89,12
ORD100860,2024-08-09,13.38,15
ORD100861,2023-04-16,28.85,35
ORD100862,2024-12-17,62.01,23
ORD100863,2024-04-26,26.99,4
ORD100864,2023-09-22,245.87,20
ORD100865,2023-10-27,46.76,45
ORD100866,2023-01-14,92.97,29
ORD100867,2024-12-05,197.92,14
ORD100868,2024-08-15,350.85,30
ORD100869,2023-09-21,34.47,35
ORD100870,2024-07-23,35.38,25
ORD100871,2024-11-29,67.4,31
ORD100872,2024-04-16,149.65,4
ORD100873,2023-03-20,41.52,7
ORD100874,2023-12-13,23.28,29
ORD100875,2024-06-21,56.03,40
ORD100876,2023-04-18,27.43,13
ORD100877,2023-03-20,142.6,47
ORD100878,2023-04-17,115.75,24
ORD100879,2023-12-20,28.97,15
ORD100880,2024-04-30,14.29,35
ORD100881,2024-06-21,38.56,26
ORD100882,2024-02-21,70.94,38
ORD100883,2023-12-29,153.15,30
ORD100884,2024-09-10,10.25,50
ORD100885,2024-10-17,144.6,50
ORD100886,2023-09-23,89.34,33
ORD100887,2024-07-10,96.59,1
ORD100888,2024-05-03,122.78,8
ORD100889,2023-03-21,158.11,12
ORD100890,2023-04-13,15.77,14
ORD100891,2023-01-13,87.58,33
ORD100892,2023-12-30,94.93,32
ORD100893,2024-01-21,109.05,15
ORD100894,2023-07-07,11.49,27
ORD100895,2024-08-30,57.34,16
ORD100896,2023-04-13,59.94,40
ORD100897,2023-10-20,28.83,42
ORD100898,2024-04-14,24.22,10
ORD100899,2024-07-30,67.23,39
ORD100900,2024-03-21,47.56,10
ORD100901,2023-12-30,148.21,15
ORD100902,2023-01-24,64.39,42
ORD100903,2024-06-24,103.44,45
ORD100904,2023-08-21,72.22,47
ORD100905,2023-07-25,15.82,1
ORD100906,2023-03-03,18.11,40
ORD100907,2024-12-31,37.68,13
ORD100908,2024-03-20,74.13,35
ORD100909,2023-08-10,167.86,5
ORD100910,2024-07-24,53.64,25
ORD100911,2023-12-15,117.15,48
ORD100912,2024-09-29,25.69,26
ORD100913,2023-08-17,206.35,6
ORD100914,2023-09-29,167.99,49
ORD100915,2023-08-17,49.37,1
ORD100916,2023-10-14,239.48,30
ORD100917,2023-02-12,20.12,22
ORD100918,2023-08-11,70.8,7
ORD100919,2023-11-25,162.6,1
ORD100920,2023-12-24,56.16,17
ORD100921,2024-05-04,113.1,29
ORD100922,2024-12-11,125.7,32
ORD100923,2024-04-12,55.57,5
ORD100924,2024-10-08,11.85,22
ORD100925,2023-04-09,39.13,46
ORD100926,2023-11-26,66.13,42
ORD100927,2024-07-29,523.13,1
ORD100928,2023-01-30,14.05,34
ORD100929,2024-11-29,30.12,18
ORD100930,2024-01-03,43.92,23
ORD100931,2024-05-21,17.37,42
ORD100932,2023-12-18,21.56,39
ORD100933,2024-04-18,135.4,48
ORD100934,2024-04-18,115.54,28
ORD100935,2023-06-13,12.87,10
ORD100936,2023-11-29,24.72,45
ORD100937,2024-05-22,202.8,4
ORD100938,2023-04-03,58.87,14
ORD100939,2023-10-27,10.23,6
ORD100940,2023-03-09,38.39,39
ORD100941,2023-03-27,44.72,12
ORD100942,2023-12-23,50.55,42
ORD100943,2024-03-13,37.97,11
ORD100944,2024-03-09,58.83,3
ORD100945,2023-05-11,264.13,39
ORD100946,2023-06-29,71.22,7
ORD100947,2024-03-14,54.93,21
ORD100948,2024-07-12,66.45,40
ORD100949,2023-04-20,65.96,21
ORD100950,2024-04-03,144.82,4
ORD100951,2024-11-24,36.8,18
ORD100952,2024-05-10,112.77,19
ORD100953,2024-07-06,20.54,27
ORD100954,2024-01-14,54.43,32
ORD100955,2024-11-20,125.15,31
ORD100956,2024-08-09,199.5,19
ORD100957,2024-04-14,113.51,1
ORD100958,2023-03-14,51.82,42
ORD100959,2023-01-25,159.22,49
ORD100960,2024-10-29,14.44,25
ORD100961,2024-10-04,165.51,28
ORD100962,2023-01-03,39.2,19
ORD100963,2024-06-15,67.51,18
ORD100964,2024-11-29,15.16,17
ORD100965,2023-03-01,35.64,44
ORD100966,2023-05-23,129.67,38
ORD100967,2024-08-14,121.68,20
ORD100968,2023-05-23,41.86,34
ORD100969,2024-09-16,83.12,39
ORD100970,2024-09-12,23.36,41
ORD100971,2024-07-01,28.52,34
ORD100972,2023-03-30,279.83,26
ORD100973,2023-04-03,445.31,47
ORD100974,2023-05-15,37.2,41
ORD100975,2024-01-19,21.96,19
ORD100976,2024-11-15,55.82,13
ORD100977,2024-07-03,32.04,40
ORD100978,2024-04-25,27.78,30
ORD100979,2024-06-20,24.06,25
ORD100980,2024-01-06,74.45,1
ORD100981,2024-02-08,67.19,47
ORD100982,2024-02-22,47.04,27
ORD100983,2023-03-28,388.23,32
ORD100984,2024-08-15,73.62,18
ORD100985,2023-06-09,198.74,38
ORD100986,2024-12-13,236.39,21
ORD100987,2023-12-16,34.34,16
ORD100988,2023-04-05,103.44,19
ORD100989,2023-03-23,220.67,21
ORD100990,2023-03-12,96.0,34
ORD100991,2023-03-22,74.09,45
ORD100992,2024-02-25,121.09,15
ORD100993,2024-09-18,65.14,47
ORD100994,2023-08-22,32.31,6
ORD100995,2023-08-23,80.23,8
ORD100996,2023-06-14,111.41,44
ORD100997,2024-04-29,301.68,25
ORD100998,2023-09-14,123.99,41
ORD100999,2023-02-27,106.68,34
ORD101000,2024-12-09,46.87,46
ORD101001,2023-12-20,330.52,22
ORD101002,2023-07-19,71.88,10
ORD101003,2024-09-16,24.16,1
ORD101004,2024-01-07,20.47,49
ORD101005,2024-07-22,53.45,39
ORD101006,2024-01-19,112.75,33
ORD101007,2024-02-04,149.53,26
ORD101008,2023-01-02,64.82,3
ORD101009,2023-04-24,337.64,18
ORD101010,2023-06-01,20.84,45
ORD101011,2024-11-28,29.81,18
ORD101012,2024-01-18,178.35,13
ORD101013,2024-08-29,21.18,39
ORD101014,2023-07-22,22.87,24
ORD101015,2024-08-05,98.67,45
ORD101016,2023-10-24,154.14,42
ORD101017,2023-10-16,89.76,13
ORD101018,2024-07-14,27.4,32
ORD101019,2023-12-03,78.68,32
ORD101020,2024-04-06,83.49,12
ORD101021,2024-05-29,161.35,48
ORD101022,2023-06-21,36.7,27
ORD101023,2024-11-14,11.97,44
ORD101024,2023-02-05,387.43,19
ORD101025,2024-01-28,151.6,28
ORD101026,2024-06-23,19.35,18
ORD101027,2023-10-05,126.99,41
ORD101028,2023-10-07,24.98,39
ORD101029,2023-03-31,81.95,42
ORD101030,2024-05-08,158.45,8
ORD101031,2023-02-10,77.38,4
ORD101032,2023-07-14,37.62,28
ORD101033,2024-06-30,56.81,34
ORD101034,2023-06-16,16.91,25
ORD101035,2024-08-27,240.53,13
ORD101036,2024-08-08,17.57,22
ORD101037,2024-02-02,103.31,17
ORD101038,2023-04-16,91.87,42
ORD101039,2024-06-27,432.3,37
ORD101040,2023-07-13,24.44,49
ORD101041,2024-01-15,22.14,2
ORD101042,2023-11-22,23.44,6
ORD101043,2024-06-23,57.18,10
ORD101044,2023-03-23,177.45,31
ORD101045,2023-11-12,43.31,33
ORD101046,2023-03-29,35.32,37
ORD101047,2023-10-23,30.61,50
ORD101048,2023-10-03,13.98,37
ORD101049,2024-03-19,26.47,14
ORD101050,2023-03-08,66.24,18
ORD101051,2024-04-10,10.91,49
ORD101052,2023-06-24,84.45,2
ORD101053,2024-07-25,34.21,28
ORD101054,2024-02-10,146.19,43
ORD101055,2024-01-18,100.98,5
ORD101056,2023-07-30,76.89,8
ORD101057,2024-01-17,41.43,13
ORD101058,2024-02-07,41.72,45
ORD101059,2024-02-20,192.32,4
ORD101060,2024-11-25,176.33,7
ORD101061,2024-06-26,81.31,16
ORD101062,2024-12-22,281.56,45
ORD101063,2024-02-18,92.41,22
ORD101064,2024-05-09,48.9,25
ORD101065,2023-05-03,253.64,18
ORD101066,2023-03-08,16.28,49
ORD101067,2024-05-24,68.97,19
ORD101068,2023-01-17,54.37,5
ORD101069,2023-04-30,82.65,4
ORD101070,2024-04-19,40.2,42
ORD101071,2024-08-29,42.59,48
ORD101072,2024-11-16,15.6,32
ORD101073,2024-05-05,63.85,23
ORD101074,2024-07-09,54.85,12
ORD101075,2023-02-06,150.92,26
ORD101076,2024-02-24,124.96,37
ORD101077,2023-08-08,11.37,2
ORD101078,2024-07-19,113.23,30
ORD101079,2024-11-12,23.55,1
ORD101080,2024-05-10,52.52,37
ORD101081,2023-05-22,21.81,49
ORD101082,2024-07-06,167.05,49
ORD101083,2024-01-20,154.68,40
ORD101084,2024-05-18,103.37,13
ORD101085,2023-02-15,91.2,27
ORD101086,2023-04-10,108.52,20
ORD101087,2024-10-06,267.1,46
ORD101088,2024-06-03,163.86,32
ORD101089,2023-10-31,77.5,2
ORD101090,2024-05-20,50.58,48
ORD101091,2023-09-01,142.03,23
ORD101092,2023-05-16,64.94,1
ORD101093,2023-04-12,11.14,44
ORD101094,2024-10-16,234.29,28
ORD101095,2023-12-18,80.32,1
ORD101096,2024-05-10,29.15,22
ORD101097,2023-09-17,107.48,28
ORD101098,2023-01-24,232.16,14
ORD101099,2023-08-15,63.09,23
ORD101100,2023-07-28,107.88,26
ORD101101,2024-12-06,82.93,11
ORD101102,2023-05-02,22.59,44
ORD101103,2023-09-26,53.77,25
ORD101104,2024-01-08,458.7,10
ORD101105,2023-07-06,17.78,6
ORD101106,2024-01-22,50.82,5
ORD101107,2024-06-14,29.6,35
ORD101108,2023-08-11,153.33,12
ORD101109,2024-11-13,166.62,13
ORD101110,2024-01-11,95.66,4
ORD101111,2023-05-06,29.49,48
ORD101112,2024-11-18,55.97,49
ORD101113,2023-06-03,109.52,41
ORD101114,2023-01-18,138.41,34
ORD101115,2023-01-17,67.11,36
ORD101116,2023-09-09,13.97,46
ORD101117,2023-06-24,37.54,4
ORD101118,2024-11-27,89.73,14
ORD101119,2023-03-03,23.76,38
ORD101120,2024-04-09,31.22,21
ORD101121,2023-12-07,252.96,2
ORD101122,2023-11-18,130.33,14
ORD101123,2023-12-01,92.68,24
ORD101124,2023-03-21,76.79,30
ORD101125,2023-12-20,97.06,17
ORD101126,2024-03-11,71.64,20
ORD101127,2024-05-13,75.98,13
ORD101128,2024-07-25,37.75,48
ORD101129,2024-03-13,24.73,25
ORD101130,2023-11-22,41.34,42
ORD101131,2024-03-14,126.77,40
ORD101132,2023-07-10,99.35,42
ORD101133,2023-09-18,89.18,31
ORD101134,2023-03-14,236.45,10
ORD101135,2023-10-17,11.71,34
ORD101136,2024-04-02,76.93,24
ORD101137,2024-08-13,75.88,24
ORD101138,2023-11-06,106.14,6
ORD101139,2023-03-18,36.38,18
ORD101140,2023-02-17,273.29,2
ORD101141,2024-10-25,160.01,4
ORD101142,2023-12-01,94.77,40
ORD101143,2024-07-08,38.87,28
ORD101144,2023-01-04,71.81,42
ORD101145,2024-05-11,71.46,3
ORD101146,2023-11-13,151.83,47
ORD101147,2023-02-07,76.57,32
ORD101148,2024-11-25,57.66,4
ORD101149,2024-08-17,27.86,5
ORD101150,2024-12-30,213.0,17
ORD101151,2023-01-22,98.51,20
ORD101152,2024-08-12,131.74,32
ORD101153,2023-09-13,10.43,33
ORD101154,2023-07-10,28.72,23
ORD101155,2024-04-02,34.26,8
ORD101156,2024-12-27,66.48,12
ORD101157,2024-09-23,390.45,1
ORD101158,2024-05-18,27.93,46
ORD101159,2023-05-20,50.05,3
ORD101160,2024-02-17,69.63,4
ORD101161,2024-02-23,25.12,43
ORD101162,2024-04-20,113.32,49
ORD101163,2023-06-19,91.77,18
ORD101164,2023-10-09,21.49,50
ORD101165,2023-05-28,55.34,50
ORD101166,2024-01-01,195.77,41
ORD101167,2023-04-11,87.81,40
ORD101168,2024-10-18,108.99,18
ORD101169,2024-11-28,31.34,18
ORD101170,2023-11-16,42.02,5
ORD101171,2024-08-02,64.58,34
ORD101172,2023-01-29,126.67,42
ORD101173,2024-07-08,19.35,11
ORD101174,2024-04-26,24.51,16
ORD101175,2023-04-18,33.48,22
ORD101176,2023-10-25,39.65,5
ORD101177,2024-01-12,214.04,39
ORD101178,2024-03-11,13.42,40
ORD101179,2024-11-23,33.35,48
ORD101180,2023-06-08,167.25,43
ORD101181,2023-03-16,93.66,3
ORD101182,2023-06-22,98.05,36
ORD101183,2023-09-30,52.81,27
ORD101184,2023-11-26,250.75,8
ORD101185,2023-03-06,78.17,41
ORD101186,2023-09-08,89.9,38
ORD101187,2024-03-12,48.27,21
ORD101188,2024-05-23,11.29,14
ORD101189,2023-11-03,38.81,8
ORD101190,2023-10-09,16.02,49
ORD101191,2024-09-02,29.47,28
ORD101192,2024-10-04,113.11,18
ORD101193,2024-04-24,58.77,42
ORD101194,2023-08-06,102.69,17
ORD101195,2023-04-22,114.64,35
ORD101196,2023-08-02,261.6,2
ORD101197,2024-06-27,76.21,10
ORD101198,2024-01-08,95.69,32
ORD101199,2023-03-01,61.38,5
ORD101200,2023-12-27,17.25,35
ORD101201,2023-11-24,39.88,30
ORD101202,2023-02-03,21.26,45
ORD101203,2024-11-22,34.41,32
ORD101204,2024-07-09,114.3,7
ORD101205,2024-09-01,18.02,24
ORD101206,2023-01-26,27.7,25
ORD101207,2023-09-22,74.37,20
ORD101208,2023-12-29,82.57,23
ORD101209,2023-06-23,15.16,20
ORD101210,2023-09-24,24.91,39
ORD101211,2023-08-17,77.57,7
ORD101212,2023-07-30,67.2,42
ORD101213,2024-08-02,19.12,12
ORD101214,2023-09-02,187.45,18
ORD101215,2023-11-22,28.62,28
ORD101216,2023-05-17,280.21,16
ORD101217,2023-07-08,108.88,29
ORD101218,2023-12-31,11.12,1
ORD101219,2023-05-25,17.16,20
ORD101220,2024-02-10,16.49,24
ORD101221,2023-12-14,114.58,48
ORD101222,2023-06-10,103.57,5
ORD101223,2024-07-13,18.93,21
ORD101224,2024-04-11,69.04,44
ORD101225,2023-06-25,73.8,24
ORD101226,2023-10-22,28.8,36
ORD101227,2024-12-26,21.88,37
ORD101228,2024-09-01,180.98,47
ORD101229,2024-09-04,31.75,23
ORD101230,2023-12-10,56.35,19
ORD101231,2023-12-30,44.88,26
ORD101232,2023-10-08,48.76,27
ORD101233,2023-11-27,51.67,25
ORD101234,2024-09-21,137.19,8
ORD101235,2024-06-14,32.68,28
ORD101236,2024-08-17,28.72,50
ORD101237,2024-06-24,22.51,9
ORD101238,2023-06-22,73.28,7
ORD101239,2023-10-29,143.18,32
ORD101240,2024-06-12,64.73,43
ORD101241,2023-01-13,131.19,5
ORD101242,2024-07-20,24.24,1
ORD101243,2023-11-17,21.15,40
ORD101244,2024-08-13,12.83,13
ORD101245,2023-05-28,30.66,15
ORD101246,2024-01-03,23.06,40
ORD101247,2024-02-02,170.82,6
ORD101248,2023-05-28,214.28,36
ORD101249,2024-12-21,169.41,41
ORD101250,2024-11-08,26.28,15
ORD101251,2024-03-30,12.74,2
ORD101252,2024-10-23,24.6,12
ORD101253,2024-04-09,77.79,23
ORD101254,2023-10-17,109.73,9
ORD101255,2024-05-10,48.49,15
ORD101256,2024-11-22,160.07,2
ORD101257,2024-05-27,13.45,27
ORD101258,2024-11-02,130.97,44
ORD101259,2024-04-15,72.21,29
ORD101260,2024-02-07,50.91,24
ORD101261,2024-01-29,54.45,39
ORD101262,2023-05-15,47.77,15
ORD101263,2023-12-02,10.68,17
ORD101264,2024-09-21,25.17,28
ORD101265,2024-01-04,102.98,20
ORD101266,2023-02-01,51.47,25
ORD101267,2024-10-25,82.97,15
ORD101268,2024-01-08,72.57,38
ORD101269,2024-12-12,291.79,1
ORD101270,2024-10-20,98.54,4
ORD101271,2024-09-01,21.62,30
ORD101272,2024-07-23,31.86,20
ORD101273,2023-06-10,75.09,42
ORD101274,2024-06-06,40.92,6
ORD101275,2023-05-04,33.22,47
ORD101276,2023-11-02,32.13,14
ORD101277,2024-08-25,23.49,48
ORD101278,2023-10-27,95.33,46
ORD101279,2023-01-07,31.94,25
ORD101280,2023-12-14,39.14,15
ORD101281,2024-08-04,59.03,16
ORD101282,2024-02-27,16.3,49
ORD101283,2024-07-20,121.85,40
ORD101284,2023-12-18,255.55,48
ORD101285,2024-07-24,140.26,29
ORD101286,2024-11-02,55.31,50
ORD101287,2023-04-07,120.65,20
ORD101288,2023-09-17,91.17,17
ORD101289,2023-01-31,23.76,44
ORD101290,2024-11-17,43.24,42
ORD101291,2023-09-16,115.53,38
ORD101292,2023-10-22,195.65,35
ORD101293,2024-03-18,26.51,36
ORD101294,2024-06-20,191.05,3
ORD101295,2024-08-28,118.46,42
ORD101296,2024-10-28,160.45,23
ORD101297,2024-10-07,162.79,2
ORD101298,2024-01-28,100.12,13
ORD101299,2023-03-09,19.1,43
ORD101300,2023-03-13,184.69,23
ORD101301,2023-03-27,219.62,17
ORD101302,2024-05-25,397.2,33
ORD101303,2023-05-13,98.94,11
ORD101304,2023-03-29,16.51,42
ORD101305,2024-05-03,187.67,34
ORD101306,2024-06-10,119.75,25
ORD101307,2023-11-09,238.7,7
ORD101308,2023-05-05,101.74,25
ORD101309,2024-06-13,82.68,30
ORD101310,2023-10-04,40.49,11
ORD101311,2023-01-14,41.3,16
ORD101312,2023-01-31,73.03,35
ORD101313,2024-07-17,16.85,13
ORD101314,2024-11-05,39.95,16
ORD101315,2024-06-21,29.08,25
ORD101316,2023-04-30,78.97,38
ORD101317,2024-01-19,207.06,30
ORD101318,2023-01-05,35.18,19
ORD101319,2023-10-11,320.45,4
ORD101320,2024-07-02,15.55,25
ORD101321,2023-05-14,51.35,3
ORD101322,2023-07-01,56.13,24
ORD101323,2024-10-05,123.56,15
ORD101324,2024-03-22,50.85,21
ORD101325,2023-07-21,72.91,38
ORD101326,2023-07-26,95.3,45
ORD101327,2024-05-30,68.59,12
ORD101328,2024-06-23,169.88,20
ORD101329,2023-02-06,77.85,21
ORD101330,2024-11-17,44.59,3
ORD101331,2024-07-22,31.19,10
ORD101332,2023-04-26,117.73,28
ORD101333,2024-09-01,125.34,34
ORD101334,2023-05-29,90.03,28
ORD101335,2024-07-22,67.09,48
ORD101336,2024-10-07,37.99,26
ORD101337,2024-01-24,51.17,38
ORD101338,2024-08-05,25.19,5
ORD101339,2023-01-06,89.68,13
ORD101340,2023-10-13,265.22,2
ORD101341,2023-01-01,99.03,19
ORD101342,2023-08-31,117.0,8
ORD101343,2024-09-30,23.07,22
ORD101344,2024-10-04,10.56,6
ORD101345,2023-04-09,25.68,44
ORD101346,2024-10-27,53.22,26
ORD101347,2023-04-26,67.18,30
ORD101348,2024-01-03,73.58,35
ORD101349,2024-06-18,116.79,1
ORD101350,2024-11-26,39.52,44
ORD101351,2024-07-18,29.38,2
ORD101352,2024-01-29,51.23,34
ORD101353,2023-11-09,281.89,4
ORD101354,2023-02-24,28.51,49
ORD101355,2023-06-23,22.16,15
ORD101356,2024-04-26,12.65,14
ORD101357,2024-03-30,104.65,40
ORD101358,2023-12-03,23.23,43
ORD101359,2024-10-23,35.78,4
ORD101360,2023-07-22,67.13,16
ORD101361,2023-12-14,125.81,48
ORD101362,2024-10-28,229.44,31
ORD101363,2024-07-12,43.73,31
ORD101364,2023-09-22,23.15,46
ORD101365,2023-05-03,55.32,39
ORD101366,2023-03-22,43.86,14
ORD101367,2024-02-19,22.95,25
ORD101368,2024-09-28,32.91,14
ORD101369,2024-06-27,103.9,7
ORD101370,2024-08-28,315.01,7
ORD101371,2023-04-25,34.46,3
ORD101372,2023-03-05,116.99,3
ORD101373,2024-10-19,49.18,8
ORD101374,2023-09-26,134.65,49
ORD101375,2023-01-03,23.07,48
ORD101376,2023-11-22,45.76,40
ORD101377,2023-12-03,42.79,6
ORD101378,2023-07-08,98.09,17
ORD101379,2024-10-29,169.84,8
ORD101380,2023-05-06,25.65,3
ORD101381,2023-06-18,31.27,7
ORD101382,2024-12-22,45.22,26
ORD101383,2024-02-26,95.9,36
ORD101384,2024-03-17,130.35,3
ORD101385,2024-12-19,14.81,22
ORD101386,2023-07-31,157.92,25
ORD101387,2023-11-21,63.59,7
ORD101388,2023-11-01,39.54,43
ORD101389,2023-04-02,21.33,26
ORD101390,2024-07-01,135.17,35
ORD101391,2024-03-05,18.96,36
ORD101392,2024-03-31,52.01,26
ORD101393,2024-08-13,46.6,15
ORD101394,2024-07-28,144.48,11
ORD101395,2023-07-16,78.05,12
ORD101396,2024-05-16,242.95,37
ORD101397,2023-07-27,16.05,13
ORD101398,2024-08-01,103.53,31
ORD101399,2023-02-09,48.48,32
ORD101400,2024-10-28,100.91,1
ORD101401,2023-07-19,31.3,9
ORD101402,2024-07-23,140.71,31
ORD101403,2023-11-01,19.51,21
ORD101404,2023-02-05,107.8,42
ORD101405,2023-06-11,61.94,6
ORD101406,2024-06-12,60.71,7
ORD101407,2023-06-08,15.36,42
ORD101408,2024-04-26,62.64,16
ORD101409,2024-09-30,73.26,21
ORD101410,2024-12-09,18.89,7
ORD101411,2023-10-11,218.41,29
ORD101412,2024-04-20,109.03,39
ORD101413,2023-12-28,94.12,19
ORD101414,2024-06-14,69.08,12
ORD101415,2023-03-11,40.84,18
ORD101416,2023-01-26,281.67,31
ORD101417,2023-02-15,141.36,18
ORD101418,2024-06-11,83.75,39
ORD101419,2024-08-06,71.17,35
ORD101420,2024-05-05,56.66,44
ORD101421,2023-05-06,43.49,49
ORD101422,2023-01-03,17.57,41
ORD101423,2024-12-13,87.37,44
ORD101424,2024-03-19,19.0,9
ORD101425,2024-05-09,27.29,14
ORD101426,2024-04-10,60.71,24
ORD101427,2023-01-03,58.96,3
ORD101428,2024-01-23,101.19,28
ORD101429,2024-05-15,156.44,13
ORD101430,2023-07-24,59.78,6
ORD101431,2023-12-20,164.22,21
ORD101432,2024-04-22,140.57,31
ORD101433,2023-03-04,95.16,33
ORD101434,2024-12-03,72.2,24
ORD101435,2023-11-20,18.21,7
ORD101436,2024-12-05,71.92,39
ORD101437,2023-01-11,74.29,30
ORD101438,2024-09-02,29.54,2
ORD101439,2024-09-13,112.77,7
ORD101440,2024-01-13,53.55,31
ORD101441,2023-08-08,73.99,22
ORD101442,2024-10-09,94.6,20
ORD101443,2023-10-11,77.13,29
ORD101444,2024-04-13,25.1,4
ORD101445,2023-04-30,30.51,12
ORD101446,2024-05-14,36.28,47
ORD101447,2024-07-28,35.72,27
ORD101448,2024-12-02,72.61,9
ORD101449,2023-08-07,23.53,22
ORD101450,2024-12-22,18.57,31
ORD101451,2023-01-22,88.82,50
ORD101452,2024-10-15,164.75,4
ORD101453,2023-04-24,32.53,42
ORD101454,2023-10-07,88.88,37
ORD101455,2023-03-02,40.15,49
ORD101456,2023-05-26,182.03,13
ORD101457,2024-10-24,39.91,32
ORD101458,2024-08-11,99.47,10
ORD101459,2023-05-06,20.85,37
ORD101460,2024-08-01,268.08,10
ORD101461,2023-01-03,85.86,27
ORD101462,2024-09-23,123.92,10
ORD101463,2024-12-31,154.12,23
ORD101464,2024-10-27,132.54,32
ORD101465,2023-10-31,69.9,24
ORD101466,2023-07-05,153.36,28
ORD101467,2023-12-25,135.43,4
ORD101468,2023-06-24,166.03,1
ORD101469,2024-07-27,54.34,30
ORD101470,2024-03-18,43.97,31
ORD101471,2023-09-10,27.23,1
ORD101472,2024-03-31,10.03,44
ORD101473,2024-11-27,66.15,13
ORD101474,2023-05-23,119.3,30
ORD101475,2023-01-21,385.26,43
ORD101476,2024-10-09,270.87,8
ORD101477,2023-06-16,271.33,43
ORD101478,2024-12-25,77.64,28
ORD101479,2024-08-30,16.61,1
ORD101480,2023-01-03,72.53,1
ORD101481,2023-10-28,19.9,31
ORD101482,2023-03-16,104.43,27
ORD101483,2023-08-25,90.8,13
ORD101484,2023-08-01,93.78,39
ORD101485,2024-02-07,58.96,14
ORD101486,2024-07-07,65.18,17
ORD101487,2024-11-05,80.3,18
ORD101488,2024-10-22,28.48,19
ORD101489,2023-07-06,27.7,5
ORD101490,2024-09-29,64.58,46
ORD101491,2024-12-12,59.44,29
ORD101492,2024-07-10,17.93,1
ORD101493,2023-02-06,157.64,22
ORD101494,2024-02-22,12.79,23
ORD101495,2024-12-16,19.59,44
ORD101496,2023-01-31,83.26,2
ORD101497,2024-04-18,47.52,49
ORD101498,2023-01-29,70.96,16
ORD101499,2023-02-14,32.95,19
ORD101500,2024-12-26,11.92,10
ORD101501,2024-12-31,13.95,1
ORD101502,2023-04-06,19.36,43
ORD101503,2024-09-29,106.87,24
ORD101504,2023-04-12,84.19,36
ORD101505,2023-09-22,37.93,44
ORD101506,2023-02-26,31.81,18
ORD101507,2024-07-28,136.33,27
ORD101508,2024-09-10,32.7,21
ORD101509,2024-08-24,96.73,14
ORD101510,2023-08-05,197.86,15
ORD101511,2024-04-18,117.79,14
ORD101512,2024-09-27,277.03,38
ORD101513,2024-01-03,239.88,36
ORD101514,2024-02-19,172.28,42
ORD101515,2024-04-12,132.66,24
ORD101516,2024-11-01,108.11,12
ORD101517,2024-01-10,53.26,15
ORD101518,2023-12-27,22.51,4
ORD101519,2024-01-29,158.43,26
ORD101520,2024-05-02,44.33,15
ORD101521,2023-10-06,29.2,13
ORD101522,2023-08-15,37.93,37
ORD101523,2023-08-20,77.34,7
ORD101524,2024-06-18,137.68,48
ORD101525,2023-05-03,29.81,38
ORD101526,2023-11-06,46.68,47
ORD101527,2023-08-05,28.31,15
ORD101528,2023-07-21,132.95,30
ORD101529,2024-10-22,27.2,1
ORD101530,2024-04-26,66.2,50
ORD101531,2024-04-13,44.71,48
ORD101532,2024-07-23,19.26,1
ORD101533,2023-08-15,22.92,2
ORD101534,2023-01-19,15.61,9
ORD101535,2023-10-30,32.15,33
ORD101536,2024-07-07,52.84,24
ORD101537,2024-10-15,49.04,32
ORD101538,2024-12-19,58.82,19
ORD101539,2023-04-30,314.98,10
ORD101540,2024-04-26,189.77,26
ORD101541,2024-05-27,21.14,33
ORD101542,2024-02-02,53.7,31
ORD101543,2023-07-03,321.95,27
ORD101544,2023-08-27,18.64,36
ORD101545,2024-06-14,52.45,43
ORD101546,2023-07-04,16.77,46
ORD101547,2023-11-16,186.47,3
ORD101548,2024-06-30,76.09,35
ORD101549,2023-02-17,62.3,42
ORD101550,2023-11-26,71.28,29
ORD101551,2024-02-28,82.91,3
ORD101552,2023-06-06,189.47,9
ORD101553,2024-04-24,14.31,10
ORD101554,2024-12-27,164.09,43
ORD101555,2024-11-16,115.08,11
ORD101556,2023-01-03,26.44,4
ORD101557,2023-04-01,187.64,27
ORD101558,2024-05-25,69.59,47
ORD101559,2024-04-04,14.78,28
ORD101560,2023-07-30,43.93,20
ORD101561,2023-11-18,32.16,43
ORD101562,2023-07-08,70.91,10
ORD101563,2023-12-14,40.0,17
ORD101564,2023-02-22,24.89,11
ORD101565,2023-02-19,78.28,7
ORD101566,2023-01-29,30.38,38
ORD101567,2024-09-11,111.45,13
ORD101568,2023-10-06,15.31,10
ORD101569,2023-01-01,99.49,47
ORD101570,2023-12-28,27.83,2
ORD101571,2023-01-15,93.87,50
ORD101572,2024-05-31,54.65,37
ORD101573,2023-02-12,86.63,48
ORD101574,2023-02-20,54.27,11
ORD101575,2024-01-25,59.97,42
ORD101576,2024-12-14,165.07,3
ORD101577,2023-12-18,158.83,45
ORD101578,2024-01-16,31.42,11
ORD101579,2023-06-25,10.27,2
ORD101580,2023-09-08,75.17,6
ORD101581,2024-04-02,28.34,48
ORD101582,2024-08-02,43.55,50
ORD101583,2023-11-09,70.97,36
ORD101584,2023-01-08,18.45,44
ORD101585,2024-01-11,60.48,16
ORD101586,2024-10-16,21.05,32
ORD101587,2024-01-29,14.16,24
ORD101588,2024-11-19,80.37,6
ORD101589,2023-03-31,12.37,25
ORD101590,2024-09-18,150.95,27
ORD101591,2024-10-11,11.61,40
ORD101592,2024-09-11,169.26,42
ORD101593,2024-04-04,126.64,33
ORD101594,2024-05-01,293.04,1
ORD101595,2024-08-22,18.67,49
ORD101596,2023-12-16,16.2,38
ORD101597,2024-09-28,13.82,29
ORD101598,2024-10-11,24.34,19
ORD101599,2024-07-03,30.02,28
ORD101600,2024-02-29,263.16,23
ORD101601,2023-03-01,89.26,30
ORD101602,2023-10-03,12.48,47
ORD101603,2024-12-24,112.31,27
ORD101604,2023-06-25,164.83,40
ORD101605,2023-06-16,61.86,6
ORD101606,2024-09-08,47.37,48
ORD101607,2023-10-05,160.16,19
ORD101608,2024-11-21,22.32,11
ORD101609,2024-12-20,79.31,10
ORD101610,2024-06-13,214.44,16
ORD101611,2024-10-14,40.5,12
ORD101612,2024-04-29,121.54,29
ORD101613,2023-03-23,27.27,11
ORD101614,2023-01-06,20.98,10
ORD101615,2024-05-14,28.75,17
ORD101616,2023-03-27,126.45,46
ORD101617,2023-06-28,26.24,35
ORD101618,2023-10-15,59.16,45
ORD101619,2024-04-22,97.51,11
ORD101620,2023-06-04,169.34,18
ORD101621,2024-10-06,84.43,16
ORD101622,2023-08-14,126.21,19
ORD101623,2023-04-06,114.26,22
ORD101624,2023-08-08,25.95,3
ORD101625,2024-07-03,23.15,35
ORD101626,2023-08-09,82.73,4
ORD101627,2023-06-15,51.88,2
ORD101628,2024-12-09,123.66,28
ORD101629,2024-02-17,59.54,35
ORD101630,2024-05-04,21.59,15
ORD101631,2024-01-11,99.96,35
ORD101632,2024-05-29,242.67,5
ORD101633,2023-07-04,32.32,9
ORD101634,2023-04-17,54.08,35
ORD101635,2024-10-14,164.77,13
ORD101636,2023-04-10,16.2,39
ORD101637,2023-10-02,39.25,34
ORD101638,2023-09-13,20.27,25
ORD101639,2023-03-27,42.49,30
ORD101640,2023-12-24,342.62,12
ORD101641,2024-09-07,195.84,15
ORD101642,2024-07-01,35.64,47
ORD101643,2023-09-04,48.25,39
ORD101644,2023-02-19,18.94,1
ORD101645,2023-12-31,57.52,33
ORD101646,2023-12-02,24.49,31
ORD101647,2024-07-28,77.44,5
ORD101648,2023-12-31,206.63,8
ORD101649,2023-04-13,35.8,13
ORD101650,2023-08-10,57.09,26
ORD101651,2024-05-24,194.75,21
ORD101652,2023-08-05,20.7,26
ORD101653,2023-07-16,44.49,40
ORD101654,2024-11-03,14.39,37
ORD101655,2024-03-29,45.01,7
ORD101656,2024-09-08,44.26,6
ORD101657,2024-10-08,260.21,26
ORD101658,2024-01-26,120.39,8
ORD101659,2023-12-16,61.47,18
ORD101660,2024-09-23,70.17,7
ORD101661,2023-06-09,199.67,14
ORD101662,2024-05-08,126.36,27
ORD101663,2024-10-14,183.0,40
ORD101664,2024-05-08,11.73,17
ORD101665,2023-06-27,32.3,43
ORD101666,2023-10-23,33.12,48
ORD101667,2024-05-19,70.93,4
ORD101668,2023-12-08,72.68,26
ORD101669,2023-05-06,45.65,45
ORD101670,2024-04-29,69.2,13
ORD101671,2023-06-23,46.11,7
ORD101672,2024-07-05,61.79,18
ORD101673,2023-07-04,91.99,47
ORD101674,2023-07-12,28.19,17
ORD101675,2023-04-23,60.27,46
ORD101676,2023-04-10,56.61,2
ORD101677,2024-04-22,51.73,35
ORD101678,2023-11-07,115.7,46
ORD101679,2024-07-07,55.72,12
ORD101680,2024-03-03,50.32,15
ORD101681,2024-07-28,144.8,8
ORD101682,2024-11-03,107.8,24
ORD101683,2023-01-27,37.73,50
ORD101684,2024-09-25,25.1,44
ORD101685,2024-08-25,40.91,26
ORD101686,2024-03-29,141.16,6
ORD101687,2024-05-11,121.08,7
ORD101688,2024-01-13,239.84,42
ORD101689,2024-11-13,111.48,5
ORD101690,2024-08-05,105.36,3
ORD101691,2023-09-21,114.93,37
ORD101692,2024-08-06,18.94,10
ORD101693,2023-05-01,16.34,25
ORD101694,2024-06-27,22.63,37
ORD101695,2024-02-07,120.48,5
ORD101696,2024-10-30,16.37,11
ORD101697,2024-05-03,88.75,20
ORD101698,2023-05-29,167.66,45
ORD101699,2023-06-01,19.09,39
ORD101700,2024-01-26,27.85,43
ORD101701,2023-08-02,54.63,2
ORD101702,2024-03-22,96.3,47
ORD101703,2023-04-08,92.03,6
ORD101704,2023-11-21,131.01,26
ORD101705,2024-08-11,36.27,41
ORD101706,2024-08-26,153.72,35
ORD101707,2024-03-25,36.85,23
ORD101708,2023-07-19,187.66,16
ORD101709,2023-10-12,240.09,48
ORD101710,2023-10-19,31.31,48
ORD101711,2023-04-12,188.12,30
ORD101712,2024-11-05,202.3,1
ORD101713,2024-08-21,120.6,29
ORD101714,2023-09-04,21.47,28
ORD101715,2024-09-06,26.62,44
ORD101716,2023-03-07,16.72,23
ORD101717,2023-08-27,19.97,32
ORD101718,2024-05-17,26.75,4
ORD101719,2023-12-28,43.47,5
ORD101720,2024-05-03,21.42,31
ORD101721,2023-03-09,27.98,17
ORD101722,2023-03-21,10.84,30
ORD101723,2023-09-08,116.87,18
ORD101724,2024-04-14,67.74,4
ORD101725,2023-05-03,76.39,21
ORD101726,2023-06-17,118.91,50
ORD101727,2023-01-20,51.68,46
ORD101728,2024-04-26,70.71,49
ORD101729,2023-09-11,16.77,2
ORD101730,2024-05-25,19.8,25
ORD101731,2023-01-21,54.51,28
ORD101732,2023-01-21,139.53,17
ORD101733,2023-11-01,134.27,30
ORD101734,2023-09-29,43.43,17
ORD101735,2024-10-28,225.66,25
ORD101736,2023-01-28,11.09,16
ORD101737,2023-03-24,12.63,14
ORD101738,2024-04-12,74.76,26
ORD101739,2024-03-08,161.56,14
ORD101740,2023-11-12,20.54,6
ORD101741,2023-07-19,26.83,9
ORD101742,2023-03-21,193.75,16
ORD101743,2023-10-01,152.2,41
ORD101744,2023-06-04,26.89,29
ORD101745,2024-08-15,88.02,26
ORD101746,2024-03-27,48.2,31
ORD101747,2024-12-14,57.99,18
ORD101748,2023-09-26,23.73,44
ORD101749,2023-11-18,65.05,2
ORD101750,2023-04-04,21.68,45
ORD101751,2024-09-13,42.34,9
ORD101752,2024-02-04,39.85,44
ORD101753,2024-08-11,56.78,12
ORD101754,2023-09-26,109.63,27
ORD101755,2023-09-05,213.82,34
ORD101756,2024-06-15,98.3,42
ORD101757,2023-01-21,14.03,36
ORD101758,2024-09-26,70.79,8
ORD101759,2024-05-03,18.72,44
ORD101760,2023-10-12,47.37,50
ORD101761,2023-03-07,253.45,21
ORD101762,2024-06-25,411.1,29
ORD101763,2023-04-08,67.43,20
ORD101764,2024-02-27,30.21,10
ORD101765,2023-12-04,10.78,34
ORD101766,2023-11-17,165.24,9
ORD101767,2024-10-31,172.62,12
ORD101768,2024-10-07,178.95,15
ORD101769,2024-07-28,61.66,3
ORD101770,2024-10-30,110.24,35
ORD101771,2023-02-22,123.5,23
ORD101772,2023-11-27,99.06,35
ORD101773,2023-07-28,26.98,37
ORD101774,2024-09-26,17.18,35
ORD101775,2023-09-30,53.25,13
ORD101776,2024-10-11,124.54,30
ORD101777,2023-07-13,127.18,11
ORD101778,2023-10-12,107.04,38
ORD101779,2023-01-28,98.39,10
ORD101780,2023-05-15,10.24,3
ORD101781,2024-11-09,47.49,11
ORD101782,2024-11-09,12.2,15
ORD101783,2023-02-08,127.86,48
ORD101784,2024-09-25,96.41,22
ORD101785,2024-08-20,33.57,31
ORD101786,2023-08-28,106.5,29
ORD101787,2024-04-23,34.88,47
ORD101788,2024-09-28,59.08,38
ORD101789,2024-03-27,64.6,5
ORD101790,2024-03-26,366.26,43
ORD101791,2024-12-08,43.42,40
ORD101792,2023-12-24,47.82,32
ORD101793,2023-09-23,222.87,23
ORD101794,2024-10-23,10.77,5
ORD101795,2023-04-28,32.43,25
ORD101796,2024-07-20,110.38,14
ORD101797,2023-12-23,126.0,5
ORD101798,2023-07-01,151.57,29
ORD101799,2023-01-18,164.69,26
ORD101800,2024-08-22,107.27,13
ORD101801,2024-04-25,174.91,2
ORD101802,2023-03-07,66.27,23
ORD101803,2023-03-16,46.17,41
ORD101804,2023-04-27,348.3,24
ORD101805,2024-04-30,52.08,20
ORD101806,2023-07-14,106.15,8
ORD101807,2024-06-20,28.66,10
ORD101808,2024-09-21,58.26,33
ORD101809,2023-11-25,15.0,9
ORD101810,2024-04-20,57.63,41
ORD101811,2023-11-26,38.51,43
ORD101812,2024-11-25,141.85,9
ORD101813,2024-11-12,67.98,40
ORD101814,2024-05-01,103.7,34
ORD101815,2023-06-20,17.5,38
ORD101816,2024-08-22,184.67,7
ORD101817,2023-09-30,11.09,14
ORD101818,2023-06-20,182.5,49
ORD101819,2024-08-31,277.59,42
ORD101820,2024-02-09,223.46,22
ORD101821,2023-11-05,113.96,21
ORD101822,2024-10-28,41.41,50
ORD101823,2023-12-04,19.84,26
ORD101824,2024-12-19,145.77,12
ORD101825,2024-05-05,87.59,44
ORD101826,2023-08-18,25.57,37
ORD101827,2024-12-20,68.77,44
ORD101828,2023-09-12,96.08,24
ORD101829,2023-06-20,12.49,26
ORD101830,2023-01-10,294.04,47
ORD101831,2024-01-30,45.01,46
ORD101832,2024-12-16,10.16,46
ORD101833,2024-06-22,28.38,40
ORD101834,2023-02-24,10.7,12
ORD101835,2023-01-05,85.01,22
ORD101836,2024-05-10,28.81,39
ORD101837,2023-10-22,18.8,10
ORD101838,2023-07-05,233.94,3
ORD101839,2024-05-21,20.6,49
ORD101840,2024-07-01,280.55,6
ORD101841,2024-12-13,43.79,19
ORD101842,2023-04-25,55.73,43
ORD101843,2023-08-07,22.32,43
ORD101844,2024-08-03,191.05,46
ORD101845,2024-07-15,59.75,32
ORD101846,2023-09-27,90.94,40
ORD101847,2023-09-13,26.39,2
ORD101848,2023-07-03,78.61,44
ORD101849,2024-06-26,166.78,8
ORD101850,2023-09-13,119.48,12
ORD101851,2024-02-03,92.16,50
ORD101852,2023-05-29,18.61,6
ORD101853,2024-09-15,25.17,43
ORD101854,2023-01-28,77.14,25
ORD101855,2024-11-04,39.3,11
ORD101856,2023-03-15,78.56,33
ORD101857,2024-10-29,35.88,16
ORD101858,2023-12-03,25.16,18
ORD101859,2023-11-13,64.02,23
ORD101860,2023-05-15,41.13,2
ORD101861,2023-06-19,19.02,41
ORD101862,2023-11-05,106.5,26
ORD101863,2024-11-03,99.24,11
ORD101864,2023-12-13,94.57,4
ORD101865,2024-04-29,33.22,13
ORD101866,2024-01-16,142.88,25
ORD101867,2023-03-30,30.01,9
ORD101868,2023-08-17,53.61,15
ORD101869,2023-03-01,52.14,32
ORD101870,2024-12-19,72.15,27
ORD101871,2023-10-16,74.78,35
ORD101872,2023-01-27,21.3,42
ORD101873,2023-04-16,12.97,3
ORD101874,2023-01-23,40.47,1
ORD101875,2023-11-08,13.64,29
ORD101876,2024-09-26,14.84,14
ORD101877,2024-06-19,18.05,49
ORD101878,2023-10-11,49.69,37
ORD101879,2024-11-16,12.18,40
ORD101880,2023-03-25,25.12,37
ORD101881,2024-11-07,116.85,47
ORD101882,2024-08-07,119.61,4
ORD101883,2023-10-22,180.48,48
ORD101884,2024-04-24,215.27,5
ORD101885,2023-05-22,15.38,16
ORD101886,2024-09-13,135.77,8
ORD101887,2023-03-06,74.65,11
ORD101888,2024-04-28,14.88,10
ORD101889,2023-05-03,48.76,38
ORD101890,2024-10-26,185.34,9
ORD101891,2024-10-21,69.1,3
ORD101892,2023-09-23,13.82,31
ORD101893,2023-01-01,20.87,16
ORD101894,2024-06-03,40.01,3
ORD101895,2023-10-29,388.1,23
ORD101896,2024-03-27,166.96,26
ORD101897,2024-06-22,40.82,46
ORD101898,2024-07-03,34.21,13
ORD101899,2023-10-08,85.37,34
ORD101900,2024-01-27,72.61,17
ORD101901,2024-06-12,67.8,18
ORD101902,2024-03-24,94.23,46
ORD101903,2023-02-18,25.47,21
ORD101904,2023-04-18,38.29,49
ORD101905,2024-04-22,107.43,30
ORD101906,2024-09-02,91.14,6
ORD101907,2024-12-04,12.99,27
ORD101908,2023-07-21,38.33,41
ORD101909,2024-02-28,23.57,35
ORD101910,2024-08-13,102.06,9
ORD101911,2024-03-08,21.47,6
ORD101912,2024-09-01,23.87,42
ORD101913,2023-11-25,28.17,39
ORD101914,2024-10-14,26.0,35
ORD101915,2023-11-27,54.0,9
ORD101916,2024-02-27,58.86,11
ORD101917,2023-10-17,79.83,7
ORD101918,2023-08-30,119.49,16
ORD101919,2023-12-29,48.32,16
ORD101920,2024-10-05,94.65,44
ORD101921,2023-06-29,136.17,36
ORD101922,2024-12-09,132.38,10
ORD101923,2024-05-01,96.35,15
ORD101924,2024-09-15,18.07,39
ORD101925,2024-07-05,69.37,25
ORD101926,2023-03-12,52.95,13
ORD101927,2023-01-15,23.35,40
ORD101928,2023-09-07,114.56,42
ORD101929,2023-12-05,47.52,43
ORD101930,2024-10-20,129.98,27
ORD101931,2023-01-03,138.82,7
ORD101932,2023-03-23,16.03,40
ORD101933,2024-11-07,12.55,6
ORD101934,2023-12-19,37.14,18
ORD101935,2023-04-17,13.65,38
ORD101936,2023-05-13,30.97,41
ORD101937,2023-08-20,60.12,43
ORD101938,2024-10-23,130.37,39
ORD101939,2023-07-15,134.66,17
ORD101940,2024-04-05,12.75,36
ORD101941,2023-04-08,20.12,18
ORD101942,2024-10-30,33.77,16
ORD101943,2023-08-05,43.23,23
ORD101944,2023-11-10,25.09,47
ORD101945,2024-07-29,53.85,38
ORD101946,2023-10-02,17.14,40
ORD101947,2023-09-01,11.24,32
ORD101948,2023-02-28,66.29,16
ORD101949,2024-02-18,18.31,15
ORD101950,2024-03-11,73.59,26
ORD101951,2024-09-10,112.76,25
ORD101952,2024-10-19,155.56,35
ORD101953,2023-12-14,33.05,45
ORD101954,2024-07-07,153.96,3
ORD101955,2024-04-10,88.04,9
ORD101956,2024-05-29,144.0,28
ORD101957,2024-04-16,136.2,47
ORD101958,2023-11-08,83.58,42
ORD101959,2023-08-21,24.01,23
ORD101960,2023-01-05,33.78,48
ORD101961,2023-12-05,146.3,14
ORD101962,2023-06-23,45.47,9
ORD101963,2023-07-01,53.64,25
ORD101964,2024-12-17,133.1,8
ORD101965,2023-10-30,127.56,13
ORD101966,2024-05-19,20.52,50
ORD101967,2024-03-11,45.77,15
ORD101968,2023-11-29,120.7,22
ORD101969,2024-11-21,45.97,42
ORD101970,2024-12-20,41.76,17
ORD101971,2023-06-26,162.43,12
ORD101972,2023-01-19,131.04,47
ORD101973,2024-03-19,34.34,13
ORD101974,2024-10-25,132.53,27
ORD101975,2023-06-01,277.27,37
ORD101976,2024-04-12,114.24,32
ORD101977,2023-05-09,25.48,44
ORD101978,2024-04-14,13.95,3
ORD101979,2024-02-08,244.33,22
ORD101980,2024-08-05,92.36,10
ORD101981,2024-03-12,133.94,21
ORD101982,2023-12-10,19.21,45
ORD101983,2023-07-23,177.93,6
ORD101984,2024-06-26,165.89,23
ORD101985,2023-09-17,107.01,25
ORD101986,2023-10-19,14.45,21
ORD101987,2023-11-17,141.9,13
ORD101988,2024-02-08,127.69,50
ORD101989,2023-06-17,63.75,10
ORD101990,2024-01-31,33.83,7
ORD101991,2024-04-15,254.18,13
ORD101992,2023-12-06,59.45,20
ORD101993,2023-04-16,12.11,2
ORD101994,2024-09-16,127.45,21
ORD101995,2023-08-17,27.88,34
ORD101996,2023-01-13,47.58,43
ORD101997,2023-07-11,10.82,5
ORD101998,2023-04-05,22.65,25
ORD101999,2024-12-19,44.07,40
